Organization,Followed On
McKinsey & Company,Wed Feb 04 16:34:56 UTC 2026
Robert Half,Mon Feb 02 18:50:50 UTC 2026
YPulse,Tue Nov 11 17:03:24 UTC 2025
GSM Studios,Thu Oct 23 14:59:32 UTC 2025
Bleublancrouge,Thu Oct 23 14:59:31 UTC 2025
Plazio,Wed Sep 03 20:09:52 UTC 2025
Stripe,Tue Aug 19 20:52:07 UTC 2025
Humanise Collective,Tue May 20 21:41:52 UTC 2025
HB Fisc,Sat Apr 19 19:19:23 UTC 2025
Belvoir,Sat Mar 22 12:34:12 UTC 2025
The World Network Group,Thu Oct 31 12:12:41 UTC 2024
GenAI Works,Tue Feb 13 12:39:12 UTC 2024
Industrial Code,Thu Feb 01 01:47:53 UTC 2024
Signé Local - Vitrine du fait au Québec,Mon Sep 18 15:38:24 UTC 2023
Housing Hawk,Sat Aug 05 18:59:49 UTC 2023
Zyta Ventures,Wed Aug 02 19:33:38 UTC 2023
Altamesa Energy Canada,Mon Dec 26 20:51:16 UTC 2022
Italian Property Finder,Wed Dec 07 13:38:53 UTC 2022
PragerU,Wed Nov 16 22:48:08 UTC 2022
London Real,Wed Nov 16 19:58:21 UTC 2022